Gestion;1;2101
Gestion;1;2102
Gestion;1;2103
Gestion;1;2104
Gestion;1;2105
InfoEtSystemes;1;2121
InfoEtSystemes;1;2122
InfoEtSystemes;1;2123
InfoEtSystemes;1;2125
InfoEtSystemes;1;2126
InfoEtSystemes;1;2127
InfoEtSystemes;1;2128
InfoEtSystemes;1;2129
InfoEtSystemes;1;2130
InfoEtSystemes;1;2131
Gestion;2;2201
Gestion;2;2202
Industriel;2;2221
Industriel;2;2222
Industriel;2;2223
ReseauxTelecom;2;2225
ReseauxTelecom;2;2226
ReseauxTelecom;2;2227
Gestion;3;2301
Gestion;3;2302
Industriel;3;2321
Industriel;3;2322
ReseauxTelecom;3;2325
ReseauxTelecom;3;2326
ReseauxTelecom;3;2327
Mecanique;1;2151
Mecanique;1;2152
Mecanique;1;2153
Mecanique;2;2251
Mecanique;2;2252
Mecanique;2;2253
Mecanique;3;2351
Mecanique;3;2352
Infographie;1;2181
Infographie;1;2182
Infographie;1;2183
Infographie;1;2184
Infographie;1;2185
Infographie;1;2189
Infographie;1;2190
Infographie;1;2191
Infographie;1;2192
Infographie;2;2281
Infographie;2;2282
Infographie;2;2283
Infographie;2;2284
Infographie;2;2285
Infographie;3;2381
Infographie;3;2382
Infographie;3;2383
Infographie;3;2384
